status,reason,source,n,estimate_axis,orthogonal_axis,x_end_mm,x_min_mm,x_max_mm,x_range_mm,y_end_mm,y_min_mm,y_max_mm,y_range_mm,magnitude_end_mm,magnitude_range_mm,failure_rate
not_validated,missing_ground_truth,final_kalman_midpoint,642,x,y,39.56109811013228,0.0,40.54329175028225,40.54329175028225,-0.7279249683619996,-0.856715956587218,0.007102649918685545,0.8638186065059036,39.567794460129775,40.55018946000306,0.0
not_validated,missing_ground_truth,final_kalman_end_midpoint,642,x,y,38.6270986753062,0.0,39.46147542585201,39.46147542585201,-0.9348170387094047,-1.0652346673212632,0.017809285129800626,1.0830439524510638,38.63840880481109,39.473702785353645,0.0
not_validated,missing_ground_truth,klt_prior_midpoint,642,x,y,8.473315393924715,-0.015242743492126468,8.66453869342804,8.679781436920168,-1.0452067673206331,-1.1990847408771517,0.14292036294937135,1.342005103826523,8.537536585653639,8.735743762946727,0.0
not_validated,missing_ground_truth,fixed_kalman_midpoint,642,x,y,42.21736822245628,0.0,43.301618042690826,43.301618042690826,-0.7277688107310155,-0.8573689813570954,0.0071026476721591575,0.8644716290292546,42.22364061840634,43.30805611383941,0.0
not_validated,missing_ground_truth,klt_tracker_median_cumulative,642,x,y,8.979898887872697,-0.016834306716918948,9.211709064245225,9.228543370962145,-1.0125918090343478,-1.1417703330516817,0.12773604393005372,1.2695063769817354,9.0368095148753,9.27440278454376,0.0
