metric,key,unit,n_valid,mean_delta,mean_abs_delta,median_abs_delta,rmse_delta,max_abs_delta
ANG,ANG_deg,deg,2667,0.05529265645039513,0.055865160046511715,0.0396822260210854,0.07280541281226799,0.19379773428832436
PEN,PEN_deg,deg,2667,0.05529265645039513,0.055865160046511715,0.0396822260210854,0.07280541281226799,0.19379773428832436
FL,FL_mm,mm,2667,-0.09075310197569149,0.09149673765912865,0.08460010598520995,0.11368953159016838,0.25927542832403105
