metric,key,unit,n_valid,mean_delta,mean_abs_delta,median_abs_delta,rmse_delta,max_abs_delta
ANG,ANG_deg,deg,2667,0.038130049476827826,0.05881195398429944,0.039904124115253126,0.08125000454246248,0.22322536018620553
PEN,PEN_deg,deg,2667,0.038130049476827826,0.05881195398429944,0.039904124115253126,0.08125000454246248,0.22322536018620553
FL,FL_mm,mm,2667,-0.075796578722022,0.10834645927144414,0.0692351824296793,0.15294510835565905,0.4085348275489338
