method,signal,unit,n,bias,mae,rmse,corr
Python normal Kalman,ANG_deg,deg,2666,0.7510381474636673,0.7512537092131106,0.8217797592205515,0.9986614837896616
Python adaptive Kalman,ANG_deg,deg,2666,0.9546224218260495,0.9546224218260495,1.0274705279143304,0.9988288156926
Python normal Kalman,PEN_deg,deg,2666,-0.671957841526183,0.7561673242810986,0.9340162401816063,0.995542407552612
Python adaptive Kalman,PEN_deg,deg,2666,-0.4683735671638007,0.6887433246501151,0.8417750233933935,0.9958448862716874
Python normal Kalman,FL_mm,mm,2666,0.5658026393971687,1.2626242948373503,1.5229982748539261,0.997963176719023
Python adaptive Kalman,FL_mm,mm,2666,0.19753116449517785,1.237773600367649,1.421642474786774,0.9980058935449788
