metric,key,unit,n_valid,mean_delta,mean_abs_delta,median_abs_delta,rmse_delta,max_abs_delta
ANG,ANG_deg,deg,2667,0.20355502557709035,0.2035550255770904,0.18915229122015376,0.2209943109110632,0.4353956264421015
PEN,PEN_deg,deg,2667,0.20355502557709035,0.2035550255770904,0.18915229122015376,0.22099431091106317,0.4353956264421015
FL,FL_mm,mm,2667,-0.36828004295543865,0.36828004300144523,0.36091870622989575,0.3772472616256603,0.5465586826896853
