series,FL_range_88_91_mm,max_abs_FL_step_88_91_mm
strict selected,13.114962127593017,10.489111588936794
apo_gate modified,3.4659097290719387,2.8419162774729756
