comparison,n,bias,mae,rmse,corr
final_FL_mm,2666,-0.5357648080633762,1.4583161030174483,1.7551973229680593,0.9854697522588544
final_PEN_deg,2666,0.25563133955753475,0.7224165048127162,0.8853617878534307,0.9848774960809802
final_ANG_deg,2666,0.3053172720575098,0.7353905168161274,0.8936726954351027,0.986478776455607
timtrack_alpha_deg_debug,2666,0.4695570851538837,1.3948782933554522,2.2402130364229342,0.9154906728959167
