Frame,Time,FL,PEN,ANG,FL_px,TimTrackAlpha
0,0.0,75.83031382339634,19.328384403941925,17.499999999999943,840.5648198964249,20.0
1,0.02999310158663507,75.82804565713424,19.32908541649232,17.50000606513882,840.5396776984111,20.0
2,0.05998620317327014,75.82758267089115,19.329325633141963,17.499418580712188,840.5345455826591,21.0
3,0.08997930475990522,75.83520519669469,19.327614790614547,17.495753119262247,840.6190398529075,20.5
4,0.11997240634654029,75.84501611168415,19.325188585935024,17.492056039533793,840.7277920072286,20.5
