{
  "mean_zncc": 0.8781386118337332,
  "median_zncc": 0.9033136963844299,
  "invalid_rows": 60,
  "fallback_rows": 60,
  "invalid_frames": 44,
  "max_cumulative_displacement_px": 61.9148988880094,
  "peak_abs_longitudinal_strain_percent": 28.76848723097677,
  "peak_longitudinal_strain_percent": 28.76848723097677,
  "max_cumulative_displacement_mm": 3.9238567170275958
}