metric,key,unit,n_valid,mean_delta,mean_abs_delta,median_abs_delta,rmse_delta,max_abs_delta
ANG,ANG_deg,deg,2667,0.04937634318845538,0.06105250379935537,0.03705179355421251,0.08366078524276928,0.21574081334358652
PEN,PEN_deg,deg,2667,0.04937634318845538,0.06105250379935537,0.03705179355421251,0.08366078524276928,0.21574081334358652
FL,FL_mm,mm,2667,-0.09897224186991997,0.11392204562502439,0.05040878933225912,0.16250047965937778,0.42074057429950074
