metric,key,unit,n_valid,mean_delta,mean_abs_delta,median_abs_delta,rmse_delta,max_abs_delta
ANG,ANG_deg,deg,2667,0.05529100709923823,0.055863754160815286,0.03968917402085026,0.072802147261476,0.1937887347338858
PEN,PEN_deg,deg,2667,0.05529100709923823,0.055863754160815286,0.03968917402085026,0.072802147261476,0.1937887347338858
FL,FL_mm,mm,2667,-0.0916035237109394,0.0923834648323827,0.08507498708225114,0.11431328497569179,0.2602129572694949
