signal,angle_diff_mad,length_diff_mad,angle_second_diff_mad,length_second_diff_mad,angle_mae_vs_raw,length_mae_vs_raw,angle_large_jumps_gt_3deg,length_large_jumps_gt_20units
raw current output,0.11315864868164062,0.15817778320312498,0.29628076515197754,0.4229140480041504,0.0,0.0,30,0
constant-R Kalman,0.07683268987810307,0.1684637150391922,0.011914507457435027,0.020662119538637468,1.1519060724256738,2.5146745482948356,0,0
speckle-adaptive-R Kalman,0.06606278197247689,0.14354680340288123,0.012510869289504928,0.01989060781844027,1.4834898402029022,3.089172748020534,0,0
