{
  "timtrack_gate_passes": true,
  "klt_gate_passes": false,
  "kalman_gate_passes": false,
  "klt_angle_rmse_deg": 10.823259709648635,
  "klt_length_rmse_px": 186.9411591466729,
  "kalman_ang_rmse_deg": 10.689861554721636,
  "kalman_pen_rmse_deg": 10.154128214886308,
  "kalman_fl_rmse_mm": 19.086755187688738
}