comparison,n,bias,mae,rmse,corr
final_FL_mm,2666,17.121358532976533,17.12172683300808,19.06371350840434,0.5710090494989458
final_PEN_deg,2666,-8.563590284946516,8.563703808253408,10.13756856124676,-0.6640260050805867
final_ANG_deg,2666,-8.975239053145943,8.975417914805965,10.689861554721636,-0.767142157672986
timtrack_alpha_deg,2666,-11.390792896044674,11.65960253295555,18.967959787452248,-0.09626183762945523
timtrack_phi_vs_python_pen_deg,2666,-10.682523412373193,10.973684561242939,18.415539510924912,-0.08369983146469347
timtrack_faslen_px,2666,146.03838551279804,155.1435034202506,183.6606772952194,0.37358795494908487
timtrack_gamma_deep_apo_deg,2666,-0.4179082128537586,0.597218612086808,0.8821621516449573,0.2068919576343499
