method,variable,unit,before_bias,after_bias,before_mae,after_mae,mae_change_after_minus_before,before_rmse,after_rmse,rmse_change_after_minus_before,rmse_percent_change,before_lins_ccc,after_lins_ccc,ccc_change_after_minus_before
normal,FL_mm,mm,-1.774770380316117,-1.793345385870895,2.1120082283260437,1.9120032954237862,-0.20000493290225752,2.549415784288532,1.9953959084098687,-0.5540198758786634,-21.731248362584147,0.9638234252424953,0.9781586860058824,0.014335260763387092
normal,ANG_deg,deg,1.0062800840363928,1.0340207411810447,1.1382501483270169,1.0738468399503196,-0.06440330837669728,1.3936508783645936,1.1661094152876308,-0.22754146307696277,-16.327006039272597,0.9586493200772985,0.9711518432061506,0.012502523128852028
normal,PEN_deg,deg,0.9381729175029768,0.965913574647629,1.091325205716227,1.0083600049219552,-0.08296520079427183,1.330770570389603,1.0945904788804743,-0.23618009150912855,-17.747619068550886,0.9572145515371437,0.9711182293948811,0.013903677857737384
adaptive,FL_mm,mm,-1.8737797460577066,-1.884983269493204,2.1358586239072137,1.9975893985745667,-0.13826922533264696,2.5935711745177605,2.0802961517772154,-0.5132750227405452,-19.79028097565056,0.9624717449334972,0.9763043752732844,0.01383263033978721
adaptive,ANG_deg,deg,1.0556749479837335,1.0893324875927735,1.1532228179869364,1.1267254287246486,-0.02649738926228773,1.406780344188131,1.2219686233418752,-0.18481172084625586,-13.137212330963637,0.9578514061720917,0.9685211802727038,0.010669774100612095
adaptive,PEN_deg,deg,0.9875677814503175,1.0212253210593576,1.0962248213043941,1.0612296615766692,-0.034995159727724934,1.342695412857495,1.1495272685958287,-0.1931681442616664,-14.386594488363535,0.9564086358564825,0.9683528097585049,0.011944173902022404
