metric,key,unit,n_valid,mean_delta,mean_abs_delta,median_abs_delta,rmse_delta,max_abs_delta
ANG,ANG_deg,deg,84,0.1654984355050258,0.1654984355050258,0.209586626333774,0.18480324549862764,0.2518328349126193
PEN,PEN_deg,deg,84,0.1654984355050258,0.1654984355050258,0.209586626333774,0.1848032454986276,0.2518328349126193
FL,FL_mm,mm,84,-0.9382664530393932,0.9382664530393932,1.1235628332212002,1.058618772752044,1.5593890596642694
