metric,key,unit,n_valid,mean_delta,mean_abs_delta,median_abs_delta,rmse_delta,max_abs_delta
ANG,ANG_deg,deg,84,0.049653584597072,0.049653584597072,0.060205216039008747,0.05728148014855386,0.0827798080889579
PEN,PEN_deg,deg,84,0.049653584597072,0.049653584597072,0.060205216039008747,0.05728148014855386,0.0827798080889579
FL,FL_mm,mm,84,-0.24063427577060248,0.24063427577060248,0.2670200543619643,0.2825043599685288,0.4572029478939612
