metric,key,unit,n_valid,mean_delta,mean_abs_delta,median_abs_delta,rmse_delta,max_abs_delta
ANG,ANG_deg,deg,138,-0.42390583117117453,0.42390583117117453,0.43616350853824315,0.5460193440495653,0.9418062289840634
PEN,PEN_deg,deg,138,-0.42390583117117453,0.42390583117117453,0.43616350853824315,0.5460193440495653,0.9418062289840634
FL,FL_mm,mm,138,2.3758664588503624,2.3758664588503624,1.4714146553643914,3.4038169414226194,8.414663321257606
